Username,Profile Image
JordanNr896,https://loremflickr.com/200/200/person?lock=1
ChrisJj343,https://xsgames.co/randomusers/avatar.php?g=female&num=2
CaseyNs301,https://picsum.photos/seed/3/200
MorganDv523,https://xsgames.co/randomusers/avatar.php?g=female&num=4
TaylorCo736,https://loremflickr.com/200/200/person?lock=5
TaylorCr521,https://picsum.photos/seed/6/200
ChrisZv227,https://loremflickr.com/200/200/person?lock=7
AlexDd180,https://xsgames.co/randomusers/avatar.php?g=female&num=8
MorganRo29,https://picsum.photos/seed/9/200
CameronDj640,https://xsgames.co/randomusers/avatar.php?g=female&num=10
BlakeVe57,https://loremflickr.com/200/200/person?lock=11
JordanFy200,https://picsum.photos/seed/12/200
JordanYg13,https://loremflickr.com/200/200/person?lock=13
JordanZi984,https://xsgames.co/randomusers/avatar.php?g=female&num=14
JamieXz14,https://picsum.photos/seed/15/200
ChrisIh187,https://xsgames.co/randomusers/avatar.php?g=female&num=16
TaylorMk499,https://loremflickr.com/200/200/person?lock=17
CaseyDz48,https://picsum.photos/seed/18/200
CaseyTl966,https://loremflickr.com/200/200/person?lock=19
ChrisLj821,https://xsgames.co/randomusers/avatar.php?g=female&num=20
AlexYo629,https://picsum.photos/seed/21/200
MorganDq270,https://xsgames.co/randomusers/avatar.php?g=female&num=22
MorganXq443,https://loremflickr.com/200/200/person?lock=23
AlexCy153,https://picsum.photos/seed/24/200
ChrisNh567,https://loremflickr.com/200/200/person?lock=25
TaylorYy840,https://xsgames.co/randomusers/avatar.php?g=female&num=26
ChrisRn298,https://picsum.photos/seed/27/200
TaylorOn760,https://xsgames.co/randomusers/avatar.php?g=female&num=28
JordanJq592,https://loremflickr.com/200/200/person?lock=29
AlexBe971,https://picsum.photos/seed/30/200
BlakeMv249,https://loremflickr.com/200/200/person?lock=31
CaseyRd356,https://xsgames.co/randomusers/avatar.php?g=female&num=32
JordanLk189,https://picsum.photos/seed/33/200
BlakeWb561,https://xsgames.co/randomusers/avatar.php?g=female&num=34
SkylerLu477,https://loremflickr.com/200/200/person?lock=35
JordanUl233,https://picsum.photos/seed/36/200
TaylorEi50,https://loremflickr.com/200/200/person?lock=37
SkylerOg236,https://xsgames.co/randomusers/avatar.php?g=female&num=38
JamieZw928,https://picsum.photos/seed/39/200
MorganYc25,https://xsgames.co/randomusers/avatar.php?g=female&num=40
MorganTd189,https://loremflickr.com/200/200/person?lock=41
JordanNs560,https://picsum.photos/seed/42/200
CameronNa615,https://loremflickr.com/200/200/person?lock=43
MorganJf795,https://xsgames.co/randomusers/avatar.php?g=female&num=44
CaseyOi152,https://picsum.photos/seed/45/200
CaseyGp910,https://xsgames.co/randomusers/avatar.php?g=female&num=46
CameronDo124,https://loremflickr.com/200/200/person?lock=47
ChrisHj160,https://picsum.photos/seed/48/200
TaylorMm428,https://loremflickr.com/200/200/person?lock=49
MorganMs563,https://xsgames.co/randomusers/avatar.php?g=female&num=50
